run_id,experiment_id,config_hash,commit_sha,environment_hash,dataset_id,model_id,total_state_dim,atrial_state_dim,rhythm_state_dim,dtype_bytes,seed,patient_id,recurrent_state_bytes,recurrent_param_count,readout_param_count,macro_f1,sensitivity,specificity,ppv,acc_concordant,acc_discordant,status
6b6eaf9e0d61,kill_gate_afdb_oracle,7b7925ce9eaea2df,5fc093a,71567eaba0d27ef6,afdb_oracle,gru_monolithic,16,8,8,4,0,04043,64,768,17,0.9869339019699196,0.9857651245551602,0.9978809069718161,0.9651567944250871,0.9986634986634987,0.9843342036553525,PASS
6b6eaf9e0d61,kill_gate_afdb_oracle,7b7925ce9eaea2df,5fc093a,71567eaba0d27ef6,afdb_oracle,gru_monolithic,16,8,8,4,0,04908,64,768,17,0.9662781570757717,0.9736031676198856,0.9837353657578377,0.9144628099173554,0.9825918762088974,0.978818998716303,PASS
6b6eaf9e0d61,kill_gate_afdb_oracle,7b7925ce9eaea2df,5fc093a,71567eaba0d27ef6,afdb_oracle,gru_monolithic,16,8,8,4,0,05091,64,768,17,0.47892658817350947,0.0196078431372549,0.9193808755103978,0.001176470588235294,0.9156422212802034,0.9101221640488656,PASS
6b6eaf9e0d61,kill_gate_afdb_oracle,7b7925ce9eaea2df,5fc093a,71567eaba0d27ef6,afdb_oracle,gru_monolithic,16,8,8,4,0,05261,64,768,17,0.47852235908389124,1.0,0.895641062047423,0.006085192697768763,0.8956720897172643,0.8960223307745987,PASS
6b6eaf9e0d61,kill_gate_afdb_oracle,7b7925ce9eaea2df,5fc093a,71567eaba0d27ef6,afdb_oracle,gru_monolithic,16,8,8,4,0,07162,64,768,17,0.4999601339499283,0.9998405485131149,nan,1.0,0.9998228206945429,1.0,PASS
6b6eaf9e0d61,kill_gate_afdb_oracle,7b7925ce9eaea2df,5fc093a,71567eaba0d27ef6,afdb_oracle,gru_monolithic,16,8,8,4,0,07859,64,768,17,0.4929520332623466,0.9722,nan,1.0,0.9722962962962963,0.9713333333333334,PASS
6b6eaf9e0d61,kill_gate_afdb_oracle,7b7925ce9eaea2df,5fc093a,71567eaba0d27ef6,afdb_oracle,gru_monolithic,16,8,8,4,0,07879,64,768,17,0.9874453176367602,0.9857510729613734,0.9895367847411444,0.9835560123329907,0.989245716828599,0.977587343441002,PASS
6b6eaf9e0d61,kill_gate_afdb_oracle,7b7925ce9eaea2df,5fc093a,71567eaba0d27ef6,afdb_oracle,gru_monolithic,16,8,8,4,0,07910,64,768,17,0.9496783827051388,0.9727838258164853,0.9601116408884754,0.8794376098418277,0.9866608827675957,0.8512820512820513,PASS
6b6eaf9e0d61,kill_gate_afdb_oracle,7b7925ce9eaea2df,5fc093a,71567eaba0d27ef6,afdb_oracle,gru_monolithic,16,8,8,4,0,08215,64,768,17,0.9785903641875111,0.9931404072883172,0.9758573117855736,0.9497744977449775,0.9828090984160348,0.967828418230563,PASS
6b6eaf9e0d61,kill_gate_afdb_oracle,7b7925ce9eaea2df,5fc093a,71567eaba0d27ef6,afdb_oracle,gru_monolithic,32,16,16,4,0,04043,128,3072,33,0.9813800570908853,0.9430604982206405,0.999293635657272,0.9875776397515528,0.9976239976239977,0.9830287206266318,PASS
6b6eaf9e0d61,kill_gate_afdb_oracle,7b7925ce9eaea2df,5fc093a,71567eaba0d27ef6,afdb_oracle,gru_monolithic,32,16,16,4,0,04908,128,3072,33,0.9832557142665779,0.9608446986361636,0.9969356486210419,0.9824561403508771,0.993081386698408,0.9775353016688062,PASS
6b6eaf9e0d61,kill_gate_afdb_oracle,7b7925ce9eaea2df,5fc093a,71567eaba0d27ef6,afdb_oracle,gru_monolithic,32,16,16,4,0,05091,128,3072,33,0.4869582080868806,0.0,0.9537555787674484,0.0,0.9527342094107673,0.9197207678883071,PASS
6b6eaf9e0d61,kill_gate_afdb_oracle,7b7925ce9eaea2df,5fc093a,71567eaba0d27ef6,afdb_oracle,gru_monolithic,32,16,16,4,0,05261,128,3072,33,0.48500692542023094,0.8888888888888888,0.9167968195371291,0.006779661016949152,0.9166008529458222,0.9183531053733427,PASS
6b6eaf9e0d61,kill_gate_afdb_oracle,7b7925ce9eaea2df,5fc093a,71567eaba0d27ef6,afdb_oracle,gru_monolithic,32,16,16,4,0,07162,128,3072,33,0.49958108916816274,0.9983257593877063,nan,1.0,0.9981396172927002,1.0,PASS
6b6eaf9e0d61,kill_gate_afdb_oracle,7b7925ce9eaea2df,5fc093a,71567eaba0d27ef6,afdb_oracle,gru_monolithic,32,16,16,4,0,07859,128,3072,33,0.41570582736054845,0.7114666666666667,nan,1.0,0.7075555555555556,0.7466666666666667,PASS
6b6eaf9e0d61,kill_gate_afdb_oracle,7b7925ce9eaea2df,5fc093a,71567eaba0d27ef6,afdb_oracle,gru_monolithic,32,16,16,4,0,07879,128,3072,33,0.9848459537882787,0.9818025751072962,0.9880108991825614,0.9811288385657917,0.9875398650152043,0.968358602504944,PASS
6b6eaf9e0d61,kill_gate_afdb_oracle,7b7925ce9eaea2df,5fc093a,71567eaba0d27ef6,afdb_oracle,gru_monolithic,32,16,16,4,0,07910,128,3072,33,0.9444632178280195,0.9618973561430794,0.9584835445982091,0.8738961497703992,0.987745363843401,0.8246153846153846,PASS
6b6eaf9e0d61,kill_gate_afdb_oracle,7b7925ce9eaea2df,5fc093a,71567eaba0d27ef6,afdb_oracle,gru_monolithic,32,16,16,4,0,08215,128,3072,33,0.983908381669231,0.9987138263665595,0.9800945999211668,0.9584447644517589,0.9871631258914496,0.975201072386059,PASS
6b6eaf9e0d61,kill_gate_afdb_oracle,7b7925ce9eaea2df,5fc093a,71567eaba0d27ef6,afdb_oracle,gru_factored,16,8,8,4,0,04043,64,384,17,0.9886881155079149,0.9786476868327402,0.9987285441830897,0.9786476868327402,0.9986634986634987,0.9882506527415144,PASS
6b6eaf9e0d61,kill_gate_afdb_oracle,7b7925ce9eaea2df,5fc093a,71567eaba0d27ef6,afdb_oracle,gru_factored,16,8,8,4,0,04908,64,384,17,0.9569479696926091,0.9648042234931808,0.9793352714701029,0.8929153094462541,0.976863561969945,0.9794608472400513,PASS
6b6eaf9e0d61,kill_gate_afdb_oracle,7b7925ce9eaea2df,5fc093a,71567eaba0d27ef6,afdb_oracle,gru_factored,16,8,8,4,0,05091,64,384,17,0.47928353508512944,0.0,0.9248884246510303,0.0,0.9197753285290378,0.9258289703315882,PASS
6b6eaf9e0d61,kill_gate_afdb_oracle,7b7925ce9eaea2df,5fc093a,71567eaba0d27ef6,afdb_oracle,gru_factored,16,8,8,4,0,05261,64,384,17,0.4674590849882476,1.0,0.8617776515689337,0.004601226993865031,0.8617911862265045,0.8625261688764829,PASS
6b6eaf9e0d61,kill_gate_afdb_oracle,7b7925ce9eaea2df,5fc093a,71567eaba0d27ef6,afdb_oracle,gru_factored,16,8,8,4,0,07162,64,384,17,0.4999601339499283,0.9998405485131149,nan,1.0,0.9998228206945429,1.0,PASS
6b6eaf9e0d61,kill_gate_afdb_oracle,7b7925ce9eaea2df,5fc093a,71567eaba0d27ef6,afdb_oracle,gru_factored,16,8,8,4,0,07859,64,384,17,0.4845360824742268,0.94,nan,1.0,0.9400740740740741,0.9393333333333334,PASS
6b6eaf9e0d61,kill_gate_afdb_oracle,7b7925ce9eaea2df,5fc093a,71567eaba0d27ef6,afdb_oracle,gru_factored,16,8,8,4,0,07879,64,384,17,0.9282917316880722,0.9806008583690987,0.8984196185286104,0.8597230583985551,0.9507527998219981,0.7488464073829928,PASS
6b6eaf9e0d61,kill_gate_afdb_oracle,7b7925ce9eaea2df,5fc093a,71567eaba0d27ef6,afdb_oracle,gru_factored,16,8,8,4,0,07910,64,384,17,0.9427200532492027,0.9832814930015552,0.9495290150017444,0.8535268309146136,0.9850341611538879,0.8261538461538461,PASS
6b6eaf9e0d61,kill_gate_afdb_oracle,7b7925ce9eaea2df,5fc093a,71567eaba0d27ef6,afdb_oracle,gru_factored,16,8,8,4,0,08215,64,384,17,0.9872870173023649,0.9995712754555198,0.9840362633031139,0.9664248704663212,0.9903160423391637,0.9765415549597856,PASS
6b6eaf9e0d61,kill_gate_afdb_oracle,7b7925ce9eaea2df,5fc093a,71567eaba0d27ef6,afdb_oracle,gru_factored,32,16,16,4,0,04043,128,1536,33,0.9921663686161414,0.9881376037959668,0.998940453485908,0.9823113207547169,0.9993317493317493,0.9895561357702349,PASS
6b6eaf9e0d61,kill_gate_afdb_oracle,7b7925ce9eaea2df,5fc093a,71567eaba0d27ef6,afdb_oracle,gru_factored,32,16,16,4,0,04908,128,1536,33,0.9627927257578559,0.9938407391113067,0.9774495167753595,0.887274155538099,0.9799880970093736,0.9794608472400513,PASS
6b6eaf9e0d61,kill_gate_afdb_oracle,7b7925ce9eaea2df,5fc093a,71567eaba0d27ef6,afdb_oracle,gru_factored,32,16,16,4,0,05091,128,1536,33,0.4783594597259193,0.0,0.921469945874086,0.0,0.9176557863501483,0.9118673647469459,PASS
6b6eaf9e0d61,kill_gate_afdb_oracle,7b7925ce9eaea2df,5fc093a,71567eaba0d27ef6,afdb_oracle,gru_factored,32,16,16,4,0,05261,128,1536,33,0.45271514613781655,1.0,0.8157745279000426,0.0034562211981566822,0.8168535776338651,0.8073970690858339,PASS
6b6eaf9e0d61,kill_gate_afdb_oracle,7b7925ce9eaea2df,5fc093a,71567eaba0d27ef6,afdb_oracle,gru_factored,32,16,16,4,0,07162,128,1536,33,0.4999601339499283,0.9998405485131149,nan,1.0,0.9998228206945429,1.0,PASS
6b6eaf9e0d61,kill_gate_afdb_oracle,7b7925ce9eaea2df,5fc093a,71567eaba0d27ef6,afdb_oracle,gru_factored,32,16,16,4,0,07859,128,1536,33,0.49824385348720523,0.993,nan,1.0,0.9928148148148148,0.9946666666666667,PASS
6b6eaf9e0d61,kill_gate_afdb_oracle,7b7925ce9eaea2df,5fc093a,71567eaba0d27ef6,afdb_oracle,gru_factored,32,16,16,4,0,07879,128,1536,33,0.9205182740232742,0.9895278969957082,0.8797820163487738,0.8393767292849862,0.9457835793221093,0.7145682267633487,PASS
6b6eaf9e0d61,kill_gate_afdb_oracle,7b7925ce9eaea2df,5fc093a,71567eaba0d27ef6,afdb_oracle,gru_factored,32,16,16,4,0,07910,128,1536,33,0.9395079366506268,0.9848367029548989,0.9456913594604024,0.8443333333333334,0.9844919206159852,0.8138461538461539,PASS
6b6eaf9e0d61,kill_gate_afdb_oracle,7b7925ce9eaea2df,5fc093a,71567eaba0d27ef6,afdb_oracle,gru_factored,32,16,16,4,0,08215,128,1536,33,0.9807924131188669,1.0,0.9754631454473788,0.9493284493284493,0.984685834396817,0.9698391420911529,PASS
6b6eaf9e0d61,kill_gate_afdb_oracle,7b7925ce9eaea2df,5fc093a,71567eaba0d27ef6,afdb_oracle,gru_random,16,8,8,4,0,04043,64,384,17,0.9883674075719793,0.9774614472123369,0.9987285441830897,0.9786223277909739,0.9986634986634987,0.987597911227154,PASS
6b6eaf9e0d61,kill_gate_afdb_oracle,7b7925ce9eaea2df,5fc093a,71567eaba0d27ef6,afdb_oracle,gru_random,16,8,8,4,0,04908,64,384,17,0.9641556608766331,0.9920809502859657,0.9787066865718551,0.8927157561361837,0.9808064276149383,0.9801026957637997,PASS
6b6eaf9e0d61,kill_gate_afdb_oracle,7b7925ce9eaea2df,5fc093a,71567eaba0d27ef6,afdb_oracle,gru_random,16,8,8,4,0,05091,64,384,17,0.47992333022067135,0.0,0.9272623682461305,0.0,0.9214709622721492,0.9336823734729494,PASS
6b6eaf9e0d61,kill_gate_afdb_oracle,7b7925ce9eaea2df,5fc093a,71567eaba0d27ef6,afdb_oracle,gru_random,16,8,8,4,0,05261,64,384,17,0.4629991155879617,1.0,0.8478631265085901,0.004182156133828996,0.8473384931290475,0.8534542916957432,PASS
6b6eaf9e0d61,kill_gate_afdb_oracle,7b7925ce9eaea2df,5fc093a,71567eaba0d27ef6,afdb_oracle,gru_random,16,8,8,4,0,07162,64,384,17,0.4999601339499283,0.9998405485131149,nan,1.0,0.9998228206945429,1.0,PASS
6b6eaf9e0d61,kill_gate_afdb_oracle,7b7925ce9eaea2df,5fc093a,71567eaba0d27ef6,afdb_oracle,gru_random,16,8,8,4,0,07859,64,384,17,0.48487242006937054,0.9412666666666667,nan,1.0,0.9398518518518518,0.954,PASS
6b6eaf9e0d61,kill_gate_afdb_oracle,7b7925ce9eaea2df,5fc093a,71567eaba0d27ef6,afdb_oracle,gru_random,16,8,8,4,0,07879,64,384,17,0.8993846748712291,0.9670386266094421,0.8601634877384197,0.8144881434355119,0.9265742045538826,0.6802900461437047,PASS
6b6eaf9e0d61,kill_gate_afdb_oracle,7b7925ce9eaea2df,5fc093a,71567eaba0d27ef6,afdb_oracle,gru_random,16,8,8,4,0,07910,64,384,17,0.9467057217885431,0.9801710730948678,0.9546458890568671,0.8660254208175885,0.9911072551783972,0.8158974358974359,PASS
6b6eaf9e0d61,kill_gate_afdb_oracle,7b7925ce9eaea2df,5fc093a,71567eaba0d27ef6,afdb_oracle,gru_random,16,8,8,4,0,08215,64,384,17,0.9824510574722778,0.9980707395498393,0.9785179345683879,0.9552728764874846,0.9864124314991367,0.9691689008042895,PASS
6b6eaf9e0d61,kill_gate_afdb_oracle,7b7925ce9eaea2df,5fc093a,71567eaba0d27ef6,afdb_oracle,gru_random,32,16,16,4,0,04043,128,1536,33,0.9858994635090546,0.9762752075919335,0.99823408914318,0.9705188679245284,0.9980694980694981,0.987597911227154,PASS
6b6eaf9e0d61,kill_gate_afdb_oracle,7b7925ce9eaea2df,5fc093a,71567eaba0d27ef6,afdb_oracle,gru_random,32,16,16,4,0,04908,128,1536,33,0.9596497685994929,0.9828420589529256,0.9775280898876404,0.8865079365079365,0.9782770421068293,0.978818998716303,PASS
6b6eaf9e0d61,kill_gate_afdb_oracle,7b7925ce9eaea2df,5fc093a,71567eaba0d27ef6,afdb_oracle,gru_random,32,16,16,4,0,05091,128,1536,33,0.4785650931309747,0.0,0.9222296078245181,0.0,0.9188215345485375,0.9092495636998255,PASS
6b6eaf9e0d61,kill_gate_afdb_oracle,7b7925ce9eaea2df,5fc093a,71567eaba0d27ef6,afdb_oracle,gru_random,32,16,16,4,0,05261,128,1536,33,0.46698020320229705,1.0,0.8602868095981826,0.004552352048558422,0.8588690570210077,0.8736915561758548,PASS
6b6eaf9e0d61,kill_gate_afdb_oracle,7b7925ce9eaea2df,5fc093a,71567eaba0d27ef6,afdb_oracle,gru_random,32,16,16,4,0,07162,128,1536,33,0.49347817308080605,0.9742485848680539,nan,1.0,0.9750177179305457,0.9673306772908367,PASS
6b6eaf9e0d61,kill_gate_afdb_oracle,7b7925ce9eaea2df,5fc093a,71567eaba0d27ef6,afdb_oracle,gru_random,32,16,16,4,0,07859,128,1536,33,0.4952554007672118,0.9812,nan,1.0,0.9814814814814815,0.9786666666666667,PASS
6b6eaf9e0d61,kill_gate_afdb_oracle,7b7925ce9eaea2df,5fc093a,71567eaba0d27ef6,afdb_oracle,gru_random,32,16,16,4,0,07879,128,1536,33,0.9641754620631247,0.9749356223175966,0.9598910081743869,0.9391433768810981,0.9715938589334718,0.9136453526697429,PASS
6b6eaf9e0d61,kill_gate_afdb_oracle,7b7925ce9eaea2df,5fc093a,71567eaba0d27ef6,afdb_oracle,gru_random,32,16,16,4,0,07910,128,1536,33,0.9410765619642905,0.9723950233281493,0.9515059890684964,0.8570938999314599,0.9878538119509814,0.8071794871794872,PASS
6b6eaf9e0d61,kill_gate_afdb_oracle,7b7925ce9eaea2df,5fc093a,71567eaba0d27ef6,afdb_oracle,gru_random,32,16,16,4,0,08215,128,1536,33,0.9747144214289107,0.9987138263665595,0.9681710681907765,0.9351665997591329,0.9799564597252458,0.9584450402144772,PASS
6b6eaf9e0d61,kill_gate_afdb_oracle,7b7925ce9eaea2df,5fc093a,71567eaba0d27ef6,afdb_oracle,gru_monolithic,16,8,8,4,1,04015,64,768,17,0.5454953544469429,0.9847619047619047,0.7520781682951728,0.13198876691345418,0.7458808618504436,0.8761609907120743,PASS
6b6eaf9e0d61,kill_gate_afdb_oracle,7b7925ce9eaea2df,5fc093a,71567eaba0d27ef6,afdb_oracle,gru_monolithic,16,8,8,4,1,04908,64,768,17,0.9683630819453306,0.9942806863176419,0.9810638799402844,0.9036385445821671,0.9833358131230472,0.9807445442875481,PASS
6b6eaf9e0d61,kill_gate_afdb_oracle,7b7925ce9eaea2df,5fc093a,71567eaba0d27ef6,afdb_oracle,gru_monolithic,16,8,8,4,1,04936,64,768,17,0.8683477925105837,0.7926208651399491,0.9678333333333333,0.9699517359489335,0.8777796216395619,0.8064159292035398,PASS
6b6eaf9e0d61,kill_gate_afdb_oracle,7b7925ce9eaea2df,5fc093a,71567eaba0d27ef6,afdb_oracle,gru_monolithic,16,8,8,4,1,05121,64,768,17,0.9469344560844231,0.9650637073571722,0.9440363007778738,0.9006520905255082,0.9491485148514851,0.9692718770875084,PASS
6b6eaf9e0d61,kill_gate_afdb_oracle,7b7925ce9eaea2df,5fc093a,71567eaba0d27ef6,afdb_oracle,gru_monolithic,16,8,8,4,1,05261,64,768,17,0.4699135013162843,0.0,0.8870509725969047,0.0,0.8850102669404517,0.8995115143056525,PASS
6b6eaf9e0d61,kill_gate_afdb_oracle,7b7925ce9eaea2df,5fc093a,71567eaba0d27ef6,afdb_oracle,gru_monolithic,16,8,8,4,1,07162,64,768,17,0.4999401985408444,0.9997608227696724,nan,1.0,0.9997342310418144,1.0,PASS
6b6eaf9e0d61,kill_gate_afdb_oracle,7b7925ce9eaea2df,5fc093a,71567eaba0d27ef6,afdb_oracle,gru_monolithic,16,8,8,4,1,07859,64,768,17,0.4972179392639271,0.9889333333333333,nan,1.0,0.9897777777777778,0.9813333333333333,PASS
6b6eaf9e0d61,kill_gate_afdb_oracle,7b7925ce9eaea2df,5fc093a,71567eaba0d27ef6,afdb_oracle,gru_monolithic,16,8,8,4,1,08219,64,768,17,0.2893352916094187,nan,0.40713333333333335,0.0,0.4225185185185185,0.26866666666666666,PASS
6b6eaf9e0d61,kill_gate_afdb_oracle,7b7925ce9eaea2df,5fc093a,71567eaba0d27ef6,afdb_oracle,gru_monolithic,16,8,8,4,1,08378,64,768,17,0.9116951650452203,0.998320738874895,0.7898391812865497,0.8921403113862315,0.9273108227899105,0.8981088382863759,PASS
6b6eaf9e0d61,kill_gate_afdb_oracle,7b7925ce9eaea2df,5fc093a,71567eaba0d27ef6,afdb_oracle,gru_monolithic,32,16,16,4,1,04015,128,3072,33,0.5689112721679473,0.9809523809523809,0.7852559428321423,0.14884393063583815,0.7798637515842839,0.8910216718266254,PASS
6b6eaf9e0d61,kill_gate_afdb_oracle,7b7925ce9eaea2df,5fc093a,71567eaba0d27ef6,afdb_oracle,gru_monolithic,32,16,16,4,1,04908,128,3072,33,0.9792980960624056,0.9894412670479542,0.9890783373929442,0.9417922948073701,0.9903288201160542,0.978818998716303,PASS
6b6eaf9e0d61,kill_gate_afdb_oracle,7b7925ce9eaea2df,5fc093a,71567eaba0d27ef6,afdb_oracle,gru_monolithic,32,16,16,4,1,04936,128,3072,33,0.8171926863572433,0.6977099236641221,0.974,0.9723404255319149,0.8258380351808828,0.7605088495575221,PASS
6b6eaf9e0d61,kill_gate_afdb_oracle,7b7925ce9eaea2df,5fc093a,71567eaba0d27ef6,afdb_oracle,gru_monolithic,32,16,16,4,1,05121,128,3072,33,0.9670091571127636,0.9381422112618167,0.9874675885911841,0.9752189703054903,0.9704554455445544,0.9706078824315297,PASS
6b6eaf9e0d61,kill_gate_afdb_oracle,7b7925ce9eaea2df,5fc093a,71567eaba0d27ef6,afdb_oracle,gru_monolithic,32,16,16,4,1,05261,128,3072,33,0.48840332474320347,0.0,0.955274740877467,0.0,0.9553782972674143,0.9483600837404047,PASS
6b6eaf9e0d61,kill_gate_afdb_oracle,7b7925ce9eaea2df,5fc093a,71567eaba0d27ef6,afdb_oracle,gru_monolithic,32,16,16,4,1,07162,128,3072,33,0.4999601339499283,0.9998405485131149,nan,1.0,0.9998228206945429,1.0,PASS
6b6eaf9e0d61,kill_gate_afdb_oracle,7b7925ce9eaea2df,5fc093a,71567eaba0d27ef6,afdb_oracle,gru_monolithic,32,16,16,4,1,07859,128,3072,33,0.4915081867181938,0.9666,nan,1.0,0.9674814814814815,0.9586666666666667,PASS
6b6eaf9e0d61,kill_gate_afdb_oracle,7b7925ce9eaea2df,5fc093a,71567eaba0d27ef6,afdb_oracle,gru_monolithic,32,16,16,4,1,08219,128,3072,33,0.44440328913252836,nan,0.7998666666666666,0.0,0.8067407407407408,0.738,PASS
6b6eaf9e0d61,kill_gate_afdb_oracle,7b7925ce9eaea2df,5fc093a,71567eaba0d27ef6,afdb_oracle,gru_monolithic,32,16,16,4,1,08378,128,3072,33,0.9878994813371973,0.993073047858942,0.981359649122807,0.9893350062735258,0.9897654927874929,0.984175993824778,PASS
6b6eaf9e0d61,kill_gate_afdb_oracle,7b7925ce9eaea2df,5fc093a,71567eaba0d27ef6,afdb_oracle,gru_factored,16,8,8,4,1,04015,64,384,17,0.547467071923664,0.9809523809523809,0.7555782412133586,0.13317817429531936,0.7480196451204055,0.8879256965944272,PASS
6b6eaf9e0d61,kill_gate_afdb_oracle,7b7925ce9eaea2df,5fc093a,71567eaba0d27ef6,afdb_oracle,gru_factored,16,8,8,4,1,04908,64,384,17,0.9718988771728022,0.9916410030796304,0.9838925119823996,0.9166327775518504,0.9856420175569112,0.9801026957637997,PASS
6b6eaf9e0d61,kill_gate_afdb_oracle,7b7925ce9eaea2df,5fc093a,71567eaba0d27ef6,afdb_oracle,gru_factored,16,8,8,4,1,04936,64,384,17,0.9154613329595119,0.8791348600508906,0.9643333333333334,0.9699606962380685,0.9305509459010952,0.8191371681415929,PASS
6b6eaf9e0d61,kill_gate_afdb_oracle,7b7925ce9eaea2df,5fc093a,71567eaba0d27ef6,afdb_oracle,gru_factored,16,8,8,4,1,05121,64,384,17,0.9467615670080012,0.9543773119605425,0.94976231633535,0.908984145625367,0.9486732673267326,0.9739478957915831,PASS
6b6eaf9e0d61,kill_gate_afdb_oracle,7b7925ce9eaea2df,5fc093a,71567eaba0d27ef6,afdb_oracle,gru_factored,16,8,8,4,1,05261,64,384,17,0.46419067893256294,0.0,0.8668891097543661,0.0,0.8647133154320013,0.8806699232379623,PASS
6b6eaf9e0d61,kill_gate_afdb_oracle,7b7925ce9eaea2df,5fc093a,71567eaba0d27ef6,afdb_oracle,gru_factored,16,8,8,4,1,07162,64,384,17,0.4994412961928326,0.9977676791836084,nan,1.0,0.9976080793763289,0.999203187250996,PASS
6b6eaf9e0d61,kill_gate_afdb_oracle,7b7925ce9eaea2df,5fc093a,71567eaba0d27ef6,afdb_oracle,gru_factored,16,8,8,4,1,07859,64,384,17,0.49973319103521874,0.9989333333333333,nan,1.0,0.9992592592592593,0.996,PASS
6b6eaf9e0d61,kill_gate_afdb_oracle,7b7925ce9eaea2df,5fc093a,71567eaba0d27ef6,afdb_oracle,gru_factored,16,8,8,4,1,08219,64,384,17,0.2332464345959209,nan,0.3042,0.0,0.3191111111111111,0.17,PASS
6b6eaf9e0d61,kill_gate_afdb_oracle,7b7925ce9eaea2df,5fc093a,71567eaba0d27ef6,afdb_oracle,gru_factored,16,8,8,4,1,08378,64,384,17,0.9318788806996255,0.9961167086481948,0.8399122807017544,0.9155011092890903,0.9315013296800709,0.975685063681976,PASS
6b6eaf9e0d61,kill_gate_afdb_oracle,7b7925ce9eaea2df,5fc093a,71567eaba0d27ef6,afdb_oracle,gru_factored,32,16,16,4,1,04015,128,1536,33,0.5556903622229143,0.9904761904761905,0.7657138690389383,0.1392981516206804,0.7587135614702155,0.8934984520123839,PASS
6b6eaf9e0d61,kill_gate_afdb_oracle,7b7925ce9eaea2df,5fc093a,71567eaba0d27ef6,afdb_oracle,gru_factored,32,16,16,4,1,04908,128,1536,33,0.9710146047744743,0.9951605807303123,0.982635342185904,0.9109947643979057,0.9846748995685166,0.9833119383825417,PASS
6b6eaf9e0d61,kill_gate_afdb_oracle,7b7925ce9eaea2df,5fc093a,71567eaba0d27ef6,afdb_oracle,gru_factored,32,16,16,4,1,04936,128,1536,33,0.9054684409316154,0.8594147582697201,0.9668333333333333,0.9713833764739718,0.920262197145702,0.8102876106194691,PASS
6b6eaf9e0d61,kill_gate_afdb_oracle,7b7925ce9eaea2df,5fc093a,71567eaba0d27ef6,afdb_oracle,gru_factored,32,16,16,4,1,05121,128,1536,33,0.9632349825717184,0.9517057131113851,0.9747191011235955,0.951901336073998,0.966019801980198,0.9732798931195725,PASS
6b6eaf9e0d61,kill_gate_afdb_oracle,7b7925ce9eaea2df,5fc093a,71567eaba0d27ef6,afdb_oracle,gru_factored,32,16,16,4,1,05261,128,1536,33,0.4683138438325161,0.0,0.881371574613091,0.0,0.8797188437845522,0.8904396371249128,PASS
6b6eaf9e0d61,kill_gate_afdb_oracle,7b7925ce9eaea2df,5fc093a,71567eaba0d27ef6,afdb_oracle,gru_factored,32,16,16,4,1,07162,128,1536,33,0.4990014379293817,0.9960137128278721,nan,1.0,0.9961020552799433,0.9952191235059761,PASS
6b6eaf9e0d61,kill_gate_afdb_oracle,7b7925ce9eaea2df,5fc093a,71567eaba0d27ef6,afdb_oracle,gru_factored,32,16,16,4,1,07859,128,1536,33,0.49966644429619744,0.9986666666666667,nan,1.0,0.9991111111111111,0.9946666666666667,PASS
6b6eaf9e0d61,kill_gate_afdb_oracle,7b7925ce9eaea2df,5fc093a,71567eaba0d27ef6,afdb_oracle,gru_factored,32,16,16,4,1,08219,128,1536,33,0.23434230003573067,nan,0.30606666666666665,0.0,0.3211111111111111,0.17066666666666666,PASS
6b6eaf9e0d61,kill_gate_afdb_oracle,7b7925ce9eaea2df,5fc093a,71567eaba0d27ef6,afdb_oracle,gru_factored,32,16,16,4,1,08378,128,1536,33,0.9410247512582608,0.993073047858942,0.8664108187134503,0.928284116550574,0.9405270368281087,0.9772288691624855,PASS
6b6eaf9e0d61,kill_gate_afdb_oracle,7b7925ce9eaea2df,5fc093a,71567eaba0d27ef6,afdb_oracle,gru_random,16,8,8,4,1,04015,64,384,17,0.5390171665694514,0.9885714285714285,0.7418696222837976,0.1278640059127864,0.7355038022813688,0.871826625386997,PASS
6b6eaf9e0d61,kill_gate_afdb_oracle,7b7925ce9eaea2df,5fc093a,71567eaba0d27ef6,afdb_oracle,gru_random,16,8,8,4,1,04908,64,384,17,0.9622695619662192,0.9960404751429829,0.9766637856525497,0.8840296759078485,0.9796161285522987,0.9794608472400513,PASS
6b6eaf9e0d61,kill_gate_afdb_oracle,7b7925ce9eaea2df,5fc093a,71567eaba0d27ef6,afdb_oracle,gru_random,16,8,8,4,1,04936,64,384,17,0.8886659679455124,0.8344783715012722,0.9605,0.9651265450264862,0.8967806173249253,0.8373893805309734,PASS
6b6eaf9e0d61,kill_gate_afdb_oracle,7b7925ce9eaea2df,5fc093a,71567eaba0d27ef6,afdb_oracle,gru_random,16,8,8,4,1,05121,64,384,17,0.9402695692180496,0.9549938347718866,0.9400388936905791,0.8933102652825836,0.9421782178217821,0.9706078824315297,PASS
6b6eaf9e0d61,kill_gate_afdb_oracle,7b7925ce9eaea2df,5fc093a,71567eaba0d27ef6,afdb_oracle,gru_random,16,8,8,4,1,05261,64,384,17,0.46010648485080635,0.0,0.8527616072696295,0.0,0.8509714105196652,0.8632240055826936,PASS
6b6eaf9e0d61,kill_gate_afdb_oracle,7b7925ce9eaea2df,5fc093a,71567eaba0d27ef6,afdb_oracle,gru_random,16,8,8,4,1,07162,64,384,17,0.49974075698959036,0.9989635653352468,nan,1.0,0.9988483345145287,1.0,PASS
6b6eaf9e0d61,kill_gate_afdb_oracle,7b7925ce9eaea2df,5fc093a,71567eaba0d27ef6,afdb_oracle,gru_random,16,8,8,4,1,07859,64,384,17,0.49983327775925307,0.9993333333333333,nan,1.0,0.9994074074074074,0.9986666666666667,PASS
6b6eaf9e0d61,kill_gate_afdb_oracle,7b7925ce9eaea2df,5fc093a,71567eaba0d27ef6,afdb_oracle,gru_random,16,8,8,4,1,08219,64,384,17,0.2653540993241258,nan,0.3612,0.0,0.37607407407407406,0.22733333333333333,PASS
6b6eaf9e0d61,kill_gate_afdb_oracle,7b7925ce9eaea2df,5fc093a,71567eaba0d27ef6,afdb_oracle,gru_random,16,8,8,4,1,08378,64,384,17,0.9334979641386248,0.9925482787573467,0.8494152046783626,0.9198521544596829,0.9327907164155049,0.9764569664222308,PASS
6b6eaf9e0d61,kill_gate_afdb_oracle,7b7925ce9eaea2df,5fc093a,71567eaba0d27ef6,afdb_oracle,gru_random,32,16,16,4,1,04015,128,1536,33,0.5425817285427466,0.9866666666666667,0.7474843225900539,0.13011806078874655,0.7401774397972116,0.8823529411764706,PASS
6b6eaf9e0d61,kill_gate_afdb_oracle,7b7925ce9eaea2df,5fc093a,71567eaba0d27ef6,afdb_oracle,gru_random,32,16,16,4,1,04908,128,1536,33,0.9662128310086712,0.9938407391113067,0.9797281370315079,0.8974970202622169,0.9819223329861628,0.9813863928112966,PASS
6b6eaf9e0d61,kill_gate_afdb_oracle,7b7925ce9eaea2df,5fc093a,71567eaba0d27ef6,afdb_oracle,gru_random,32,16,16,4,1,04936,128,1536,33,0.8950230675077676,0.8506361323155216,0.9543333333333334,0.960632183908046,0.9055758380351809,0.8285398230088495,PASS
6b6eaf9e0d61,kill_gate_afdb_oracle,7b7925ce9eaea2df,5fc093a,71567eaba0d27ef6,afdb_oracle,gru_random,32,16,16,4,1,05121,128,1536,33,0.9451661698248445,0.947390053431977,0.9513828867761452,0.9110671936758893,0.9476435643564356,0.969939879759519,PASS
6b6eaf9e0d61,kill_gate_afdb_oracle,7b7925ce9eaea2df,5fc093a,71567eaba0d27ef6,afdb_oracle,gru_random,32,16,16,4,1,05261,128,1536,33,0.4598789086450031,0.0,0.8519806900468551,0.0,0.8495498341494234,0.8681088625261689,PASS
6b6eaf9e0d61,kill_gate_afdb_oracle,7b7925ce9eaea2df,5fc093a,71567eaba0d27ef6,afdb_oracle,gru_random,32,16,16,4,1,07162,128,1536,33,0.499680893498205,0.998724388104919,nan,1.0,0.9986711552090716,0.999203187250996,PASS
6b6eaf9e0d61,kill_gate_afdb_oracle,7b7925ce9eaea2df,5fc093a,71567eaba0d27ef6,afdb_oracle,gru_random,32,16,16,4,1,07859,128,1536,33,0.4999166527754626,0.9996666666666667,nan,1.0,0.9997037037037036,0.9993333333333333,PASS
6b6eaf9e0d61,kill_gate_afdb_oracle,7b7925ce9eaea2df,5fc093a,71567eaba0d27ef6,afdb_oracle,gru_random,32,16,16,4,1,08219,128,1536,33,0.26782837897203104,nan,0.3658,0.0,0.38185185185185183,0.22133333333333333,PASS
6b6eaf9e0d61,kill_gate_afdb_oracle,7b7925ce9eaea2df,5fc093a,71567eaba0d27ef6,afdb_oracle,gru_random,32,16,16,4,1,08378,128,1536,33,0.9391566547749335,0.9963266162888329,0.8567251461988304,0.9237131458596867,0.9381094366991699,0.9803164801235045,PASS
6b6eaf9e0d61,kill_gate_afdb_oracle,7b7925ce9eaea2df,5fc093a,71567eaba0d27ef6,afdb_oracle,gru_monolithic,16,8,8,4,2,04015,64,768,17,0.5473196821161939,0.9657142857142857,0.7579116231588158,0.13247974915077085,0.7509505703422054,0.8798761609907121,PASS
6b6eaf9e0d61,kill_gate_afdb_oracle,7b7925ce9eaea2df,5fc093a,71567eaba0d27ef6,afdb_oracle,gru_monolithic,16,8,8,4,2,04043,64,768,17,0.9903506533157614,0.9916963226571768,0.9983047255774529,0.9720930232558139,0.9988119988119988,0.9902088772845953,PASS
6b6eaf9e0d61,kill_gate_afdb_oracle,7b7925ce9eaea2df,5fc093a,71567eaba0d27ef6,afdb_oracle,gru_monolithic,16,8,8,4,2,04126,64,768,17,0.9289134875864818,0.9742335290280496,0.9445282386458858,0.8185804329953412,0.9548411214953271,0.9156923076923077,PASS
6b6eaf9e0d61,kill_gate_afdb_oracle,7b7925ce9eaea2df,5fc093a,71567eaba0d27ef6,afdb_oracle,gru_monolithic,16,8,8,4,2,04746,64,768,17,0.9479180794113874,0.9123711340206185,0.993625576149848,0.8909395973154363,0.9931513956625506,0.9562171628721541,PASS
6b6eaf9e0d61,kill_gate_afdb_oracle,7b7925ce9eaea2df,5fc093a,71567eaba0d27ef6,afdb_oracle,gru_monolithic,16,8,8,4,2,04908,64,768,17,0.9663365578820278,0.9758029036515619,0.9833425001964328,0.9127572016460905,0.9822943014432376,0.9813863928112966,PASS
6b6eaf9e0d61,kill_gate_afdb_oracle,7b7925ce9eaea2df,5fc093a,71567eaba0d27ef6,afdb_oracle,gru_monolithic,16,8,8,4,2,05121,64,768,17,0.9545893198544977,0.9288943690916563,0.9751512532411409,0.9515789473684211,0.9578613861386138,0.9706078824315297,PASS
6b6eaf9e0d61,kill_gate_afdb_oracle,7b7925ce9eaea2df,5fc093a,71567eaba0d27ef6,afdb_oracle,gru_monolithic,16,8,8,4,2,05261,64,768,17,0.4613032677240589,0.0,0.8568791708078943,0.0,0.8576844100458063,0.8443824145150035,PASS
6b6eaf9e0d61,kill_gate_afdb_oracle,7b7925ce9eaea2df,5fc093a,71567eaba0d27ef6,afdb_oracle,gru_monolithic,16,8,8,4,2,07879,64,768,17,0.9942495895796504,0.9945064377682403,0.9945504087193461,0.9914427520109533,0.9951791144404064,0.988793671720501,PASS
6b6eaf9e0d61,kill_gate_afdb_oracle,7b7925ce9eaea2df,5fc093a,71567eaba0d27ef6,afdb_oracle,gru_monolithic,16,8,8,4,2,08405,64,768,17,0.5925776658906297,0.993421052631579,0.7393168604651162,0.20164700645448475,0.735041435413974,0.9289005924950625,PASS
6b6eaf9e0d61,kill_gate_afdb_oracle,7b7925ce9eaea2df,5fc093a,71567eaba0d27ef6,afdb_oracle,gru_monolithic,32,16,16,4,2,04015,128,3072,33,0.534185372847813,0.9828571428571429,0.7355257401195858,0.12454742939898625,0.7276615969581749,0.8773993808049536,PASS
6b6eaf9e0d61,kill_gate_afdb_oracle,7b7925ce9eaea2df,5fc093a,71567eaba0d27ef6,afdb_oracle,gru_monolithic,32,16,16,4,2,04043,128,3072,33,0.9921924108109418,0.9916963226571768,0.9987285441830897,0.9789227166276346,0.9992574992574993,0.9902088772845953,PASS
6b6eaf9e0d61,kill_gate_afdb_oracle,7b7925ce9eaea2df,5fc093a,71567eaba0d27ef6,afdb_oracle,gru_monolithic,32,16,16,4,2,04126,128,3072,33,0.9125913203268059,0.9882583170254403,0.9244176302999833,0.7706002034587996,0.9410093457943925,0.9083076923076923,PASS
6b6eaf9e0d61,kill_gate_afdb_oracle,7b7925ce9eaea2df,5fc093a,71567eaba0d27ef6,afdb_oracle,gru_monolithic,32,16,16,4,2,04746,128,3072,33,0.9428955326376283,0.9089347079037801,0.9926448955575169,0.8758278145695364,0.992009961606309,0.9553415061295972,PASS
6b6eaf9e0d61,kill_gate_afdb_oracle,7b7925ce9eaea2df,5fc093a,71567eaba0d27ef6,afdb_oracle,gru_monolithic,32,16,16,4,2,04908,128,3072,33,0.9621525850791189,0.9960404751429829,0.9765852125402688,0.8836846213895394,0.9794673411694689,0.9801026957637997,PASS
6b6eaf9e0d61,kill_gate_afdb_oracle,7b7925ce9eaea2df,5fc093a,71567eaba0d27ef6,afdb_oracle,gru_monolithic,32,16,16,4,2,05121,128,3072,33,0.9524498061886459,0.9527332511302918,0.958837510803803,0.9240582021128164,0.9554059405940594,0.9679358717434869,PASS
6b6eaf9e0d61,kill_gate_afdb_oracle,7b7925ce9eaea2df,5fc093a,71567eaba0d27ef6,afdb_oracle,gru_monolithic,32,16,16,4,2,05261,128,3072,33,0.4512283870689738,1.0,0.811160017038194,0.0033720494567253652,0.8120360132680461,0.8046057222609909,PASS
6b6eaf9e0d61,kill_gate_afdb_oracle,7b7925ce9eaea2df,5fc093a,71567eaba0d27ef6,afdb_oracle,gru_monolithic,32,16,16,4,2,07879,128,3072,33,0.9925082283108694,0.9967381974248927,0.990408719346049,0.9850695622667119,0.994511607209078,0.978246539222149,PASS
6b6eaf9e0d61,kill_gate_afdb_oracle,7b7925ce9eaea2df,5fc093a,71567eaba0d27ef6,afdb_oracle,gru_monolithic,32,16,16,4,2,08405,128,3072,33,0.882986810953821,1.0,0.9635901162790698,0.6454352441613588,0.9649509617577738,0.9736668861092824,PASS
6b6eaf9e0d61,kill_gate_afdb_oracle,7b7925ce9eaea2df,5fc093a,71567eaba0d27ef6,afdb_oracle,gru_factored,16,8,8,4,2,04015,64,384,17,0.5385117021221613,0.9809523809523809,0.7423800495843663,0.12722332015810275,0.7370880861850444,0.8613003095975232,PASS
6b6eaf9e0d61,kill_gate_afdb_oracle,7b7925ce9eaea2df,5fc093a,71567eaba0d27ef6,afdb_oracle,gru_factored,16,8,8,4,2,04043,64,384,17,0.9819960525413958,0.9786476868327402,0.9971745426290881,0.953757225433526,0.996955746955747,0.9889033942558747,PASS
6b6eaf9e0d61,kill_gate_afdb_oracle,7b7925ce9eaea2df,5fc093a,71567eaba0d27ef6,afdb_oracle,gru_factored,16,8,8,4,2,04126,64,384,17,0.8868375731843949,0.9889106327462491,0.897938662644545,0.7134117647058823,0.9207476635514019,0.8818461538461538,PASS
6b6eaf9e0d61,kill_gate_afdb_oracle,7b7925ce9eaea2df,5fc093a,71567eaba0d27ef6,afdb_oracle,gru_factored,16,8,8,4,2,04746,64,384,17,0.9439221609985196,0.8900343642611683,0.9942139845052467,0.8977469670710572,0.9923212618034658,0.957092819614711,PASS
6b6eaf9e0d61,kill_gate_afdb_oracle,7b7925ce9eaea2df,5fc093a,71567eaba0d27ef6,afdb_oracle,gru_factored,16,8,8,4,2,04908,64,384,17,0.961856998154341,0.9898812142542894,0.9776066629999214,0.8875739644970414,0.9794673411694689,0.9794608472400513,PASS
6b6eaf9e0d61,kill_gate_afdb_oracle,7b7925ce9eaea2df,5fc093a,71567eaba0d27ef6,afdb_oracle,gru_factored,16,8,8,4,2,05121,64,384,17,0.9596270572634709,0.9508836826962598,0.9700734658599827,0.9435154975530179,0.9626138613861386,0.9706078824315297,PASS
6b6eaf9e0d61,kill_gate_afdb_oracle,7b7925ce9eaea2df,5fc093a,71567eaba0d27ef6,afdb_oracle,gru_factored,16,8,8,4,2,05261,64,384,17,0.47226007737480014,0.3333333333333333,0.8884708220928581,0.0019059720457433292,0.887458537355868,0.8939288206559665,PASS
6b6eaf9e0d61,kill_gate_afdb_oracle,7b7925ce9eaea2df,5fc093a,71567eaba0d27ef6,afdb_oracle,gru_factored,16,8,8,4,2,07879,64,384,17,0.9864271415675814,0.9914163090128756,0.9843051771117166,0.9756715661429296,0.9888007120077135,0.971654581410679,PASS
6b6eaf9e0d61,kill_gate_afdb_oracle,7b7925ce9eaea2df,5fc093a,71567eaba0d27ef6,afdb_oracle,gru_factored,16,8,8,4,2,08405,64,384,17,0.9132565255663785,0.993421052631579,0.975218023255814,0.7265437048917401,0.9752147798981221,0.9861751152073732,PASS
6b6eaf9e0d61,kill_gate_afdb_oracle,7b7925ce9eaea2df,5fc093a,71567eaba0d27ef6,afdb_oracle,gru_factored,32,16,16,4,2,04015,128,1536,33,0.5530181872642781,0.9809523809523809,0.7635263234650722,0.13704097924427888,0.7577629911280102,0.8792569659442725,PASS
6b6eaf9e0d61,kill_gate_afdb_oracle,7b7925ce9eaea2df,5fc093a,71567eaba0d27ef6,afdb_oracle,gru_factored,32,16,16,4,2,04043,128,1536,33,0.9860391001577499,0.9869513641755635,0.9975983612347249,0.9607390300230947,0.9978467478467479,0.9895561357702349,PASS
6b6eaf9e0d61,kill_gate_afdb_oracle,7b7925ce9eaea2df,5fc093a,71567eaba0d27ef6,afdb_oracle,gru_factored,32,16,16,4,2,04126,128,1536,33,0.895608795712441,0.9885844748858448,0.9071560248030837,0.732302488523798,0.9277009345794393,0.8916923076923077,PASS
6b6eaf9e0d61,kill_gate_afdb_oracle,7b7925ce9eaea2df,5fc093a,71567eaba0d27ef6,afdb_oracle,gru_factored,32,16,16,4,2,04746,128,1536,33,0.9511556696451016,0.8934707903780069,0.9956850053937433,0.9219858156028369,0.9939815295216353,0.957968476357268,PASS
6b6eaf9e0d61,kill_gate_afdb_oracle,7b7925ce9eaea2df,5fc093a,71567eaba0d27ef6,afdb_oracle,gru_factored,32,16,16,4,2,04908,128,1536,33,0.9697514911607825,0.9771227452705675,0.9853068280034573,0.9223421926910299,0.9848236869513465,0.9775353016688062,PASS
6b6eaf9e0d61,kill_gate_afdb_oracle,7b7925ce9eaea2df,5fc093a,71567eaba0d27ef6,afdb_oracle,gru_factored,32,16,16,4,2,05121,128,1536,33,0.9546960999992129,0.955199342375668,0.9606741573033708,0.9273743016759777,0.9573069306930693,0.9712758851035405,PASS
6b6eaf9e0d61,kill_gate_afdb_oracle,7b7925ce9eaea2df,5fc093a,71567eaba0d27ef6,afdb_oracle,gru_factored,32,16,16,4,2,05261,128,1536,33,0.478507421805042,0.4444444444444444,0.9068578730654551,0.00303951367781155,0.9074395830042647,0.8988136775994418,PASS
6b6eaf9e0d61,kill_gate_afdb_oracle,7b7925ce9eaea2df,5fc093a,71567eaba0d27ef6,afdb_oracle,gru_factored,32,16,16,4,2,07879,128,1536,33,0.9577643461485985,0.992274678111588,0.9383106267029973,0.9108099590293098,0.9695913372394868,0.8675016479894528,PASS
6b6eaf9e0d61,kill_gate_afdb_oracle,7b7925ce9eaea2df,5fc093a,71567eaba0d27ef6,afdb_oracle,gru_factored,32,16,16,4,2,08405,128,1536,33,0.9160406441266342,0.993421052631579,0.9761627906976744,0.7341977309562399,0.9762031475708963,0.9861751152073732,PASS
6b6eaf9e0d61,kill_gate_afdb_oracle,7b7925ce9eaea2df,5fc093a,71567eaba0d27ef6,afdb_oracle,gru_random,16,8,8,4,2,04015,64,384,17,0.5359939539589897,0.9809523809523809,0.7385883039229983,0.12560975609756098,0.7312262357414449,0.874922600619195,PASS
6b6eaf9e0d61,kill_gate_afdb_oracle,7b7925ce9eaea2df,5fc093a,71567eaba0d27ef6,afdb_oracle,gru_random,16,8,8,4,2,04043,64,384,17,0.9921837506428864,0.9905100830367735,0.9987991806173624,0.9800469483568075,0.9993317493317493,0.9895561357702349,PASS
6b6eaf9e0d61,kill_gate_afdb_oracle,7b7925ce9eaea2df,5fc093a,71567eaba0d27ef6,afdb_oracle,gru_random,16,8,8,4,2,04126,64,384,17,0.904154709759152,0.9885844748858448,0.9158706217529747,0.751177199504337,0.9337570093457944,0.9058461538461539,PASS
6b6eaf9e0d61,kill_gate_afdb_oracle,7b7925ce9eaea2df,5fc093a,71567eaba0d27ef6,afdb_oracle,gru_random,16,8,8,4,2,04746,64,384,17,0.9515642370560666,0.929553264604811,0.9933313719721487,0.8883415435139573,0.9934626958597074,0.9597197898423818,PASS
6b6eaf9e0d61,kill_gate_afdb_oracle,7b7925ce9eaea2df,5fc093a,71567eaba0d27ef6,afdb_oracle,gru_random,16,8,8,4,2,04908,64,384,17,0.9628727134046732,0.9925208974923009,0.9777638092244834,0.8885387948011028,0.9805832465406934,0.9749679075738126,PASS
6b6eaf9e0d61,kill_gate_afdb_oracle,7b7925ce9eaea2df,5fc093a,71567eaba0d27ef6,afdb_oracle,gru_random,16,8,8,4,2,05121,64,384,17,0.9534299052942491,0.9490341142622277,0.9622947277441659,0.9297362593114556,0.9564356435643564,0.9686038744154977,PASS
6b6eaf9e0d61,kill_gate_afdb_oracle,7b7925ce9eaea2df,5fc093a,71567eaba0d27ef6,afdb_oracle,gru_random,16,8,8,4,2,05261,64,384,17,0.4683265663614516,1.0,0.8644753656112452,0.0046923879040667365,0.8654241036171221,0.8569434752267969,PASS
6b6eaf9e0d61,kill_gate_afdb_oracle,7b7925ce9eaea2df,5fc093a,71567eaba0d27ef6,afdb_oracle,gru_random,16,8,8,4,2,07879,64,384,17,0.9934852596012669,0.9965665236051502,0.9920435967302452,0.9875808097992514,0.9952532819105541,0.980883322346737,PASS
6b6eaf9e0d61,kill_gate_afdb_oracle,7b7925ce9eaea2df,5fc093a,71567eaba0d27ef6,afdb_oracle,gru_random,16,8,8,4,2,08405,64,384,17,0.347071940572454,0.993421052631579,0.3556686046511628,0.09271387638149815,0.4370105679312704,0.03423304805793285,PASS
6b6eaf9e0d61,kill_gate_afdb_oracle,7b7925ce9eaea2df,5fc093a,71567eaba0d27ef6,afdb_oracle,gru_random,32,16,16,4,2,04015,128,1536,33,0.547269761077056,0.9561904761904761,0.7594429050605221,0.1320705077611155,0.7517427122940431,0.8835913312693499,PASS
6b6eaf9e0d61,kill_gate_afdb_oracle,7b7925ce9eaea2df,5fc093a,71567eaba0d27ef6,afdb_oracle,gru_random,32,16,16,4,2,04043,128,1536,33,0.9622142422550414,0.9928825622775801,0.9913823550187186,0.872784150156413,0.9927234927234927,0.9804177545691906,PASS
6b6eaf9e0d61,kill_gate_afdb_oracle,7b7925ce9eaea2df,5fc093a,71567eaba0d27ef6,afdb_oracle,gru_random,32,16,16,4,2,04126,128,1536,33,0.9124894329514694,0.9879321591650359,0.9244176302999833,0.7705418468583057,0.9407102803738318,0.9101538461538462,PASS
6b6eaf9e0d61,kill_gate_afdb_oracle,7b7925ce9eaea2df,5fc093a,71567eaba0d27ef6,afdb_oracle,gru_random,32,16,16,4,2,04746,128,1536,33,0.9452329797880582,0.9312714776632303,0.9916642149651859,0.8644338118022329,0.992009961606309,0.957968476357268,PASS
6b6eaf9e0d61,kill_gate_afdb_oracle,7b7925ce9eaea2df,5fc093a,71567eaba0d27ef6,afdb_oracle,gru_random,32,16,16,4,2,04908,128,1536,33,0.9597671248335717,0.9828420589529256,0.9776066629999214,0.8868598650258039,0.9787977979467342,0.9749679075738126,PASS
6b6eaf9e0d61,kill_gate_afdb_oracle,7b7925ce9eaea2df,5fc093a,71567eaba0d27ef6,afdb_oracle,gru_random,32,16,16,4,2,05121,128,1536,33,0.9499943444294628,0.9346485819975339,0.9654278305963699,0.934264585045193,0.953029702970297,0.969939879759519,PASS
6b6eaf9e0d61,kill_gate_afdb_oracle,7b7925ce9eaea2df,5fc093a,71567eaba0d27ef6,afdb_oracle,gru_random,32,16,16,4,2,05261,128,1536,33,0.4511343200914618,0.8888888888888888,0.8120829192105636,0.0030131826741996233,0.813141683778234,0.8032100488485694,PASS
6b6eaf9e0d61,kill_gate_afdb_oracle,7b7925ce9eaea2df,5fc093a,71567eaba0d27ef6,afdb_oracle,gru_random,32,16,16,4,2,07879,128,1536,33,0.9920948797622118,0.99862660944206,0.9885558583106268,0.9822695035460993,0.9942149373284878,0.976928147659855,PASS
6b6eaf9e0d61,kill_gate_afdb_oracle,7b7925ce9eaea2df,5fc093a,71567eaba0d27ef6,afdb_oracle,gru_random,32,16,16,4,2,08405,128,1536,33,0.4229914375315302,0.9956140350877193,0.47601744186046513,0.11185020941118502,0.5574393674446895,0.08294930875576037,PASS
